time_normalized,blue,orange
0.0000000,0.2263099,0.0178372
0.0008058,0.2274247,0.0250836
0.0016116,0.2341137,0.0256410
0.0024174,0.2413601,0.0323300
0.0032232,0.2424749,0.0323300
0.0040290,0.2575251,0.0323300
0.0048348,0.2731327,0.0323300
0.0056406,0.2742475,0.0323300
0.0064464,0.2814939,0.0323300
0.0072522,0.2887402,0.0323300
0.0080580,0.2908106,0.0323300
0.0088638,0.2928810,0.0323300
0.0096696,0.2949514,0.0323300
0.0104754,0.2970218,0.0323300
0.0112812,0.2990922,0.0323300
0.0120870,0.3011626,0.0323300
0.0128928,0.3032330,0.0323300
0.0136986,0.3021182,0.0323300
0.0145044,0.2948718,0.0328874
0.0153102,0.3182832,0.0484950
0.0161160,0.3422520,0.0607581
0.0169218,0.3422520,0.0646600
0.0177276,0.3422520,0.0646600
0.0185334,0.3422520,0.0646600
0.0193392,0.3422520,0.0646600
0.0201450,0.3344482,0.0646600
0.0209508,0.3344482,0.0646600
0.0217566,0.3266444,0.0646600
0.0225624,0.3266444,0.0646600
0.0233683,0.3338907,0.0646600
0.0241741,0.3338907,0.0646600
0.0249799,0.3411371,0.0719064
0.0257857,0.3411371,0.0791527
0.0265915,0.3411371,0.0791527
0.0273973,0.3489409,0.0791527
0.0282031,0.3494983,0.0791527
0.0290089,0.3573021,0.0791527
0.0298147,0.3628763,0.0791527
0.0306205,0.3639911,0.0791527
0.0314263,0.3701226,0.0791527
0.0322321,0.3701226,0.0869565
0.0330379,0.3701226,0.0875139
0.0338437,0.3701226,0.0947603
0.0346495,0.3701226,0.0947603
0.0354553,0.3701226,0.0947603
0.0362611,0.3773690,0.0947603
0.0370669,0.3784838,0.0947603
0.0378727,0.3846154,0.0947603
0.0386785,0.3846154,0.0947603
0.0394843,0.3851728,0.0947603
0.0402901,0.3851728,0.0947603
0.0410959,0.3846154,0.1031215
0.0419017,0.3846154,0.1036789
0.0427075,0.3857302,0.1109253
0.0435133,0.3918618,0.1109253
0.0443191,0.3996656,0.1109253
0.0451249,0.3996656,0.1109253
0.0459307,0.3996656,0.1176143
0.0467365,0.3996656,0.1181717
0.0475423,0.4063545,0.1254181
0.0483481,0.4069119,0.1254181
0.0491539,0.4136009,0.1254181
0.0499597,0.4136009,0.1254181
0.0507655,0.4136009,0.1254181
0.0515713,0.4136009,0.1254181
0.0523771,0.4208473,0.1254181
0.0531829,0.4208473,0.1254181
0.0539887,0.4280936,0.1254181
0.0547945,0.4280936,0.1254181
0.0556003,0.4280936,0.1254181
0.0564061,0.4280936,0.1254181
0.0572119,0.4280936,0.1254181
0.0580177,0.4364548,0.1254181
0.0588235,0.4409142,0.1254181
0.0596293,0.4442586,0.1254181
0.0604351,0.4442586,0.1309922
0.0612409,0.4442586,0.1332219
0.0620467,0.4442586,0.1410256
0.0628525,0.4442586,0.1410256
0.0636583,0.4442586,0.1410256
0.0644641,0.4442586,0.1410256
0.0652699,0.4509476,0.1410256
0.0660757,0.4515050,0.1410256
0.0668815,0.4581940,0.1410256
0.0676873,,0.1410256
0.0684932,,0.1410256
0.0692990,,0.1410256
0.0701048,,0.1410256
0.0709106,,0.1410256
0.0717164,,0.1410256
0.0725222,,0.1410256
0.0733280,,0.1410256
0.0741338,,0.1410256
0.0749396,,0.1410256
0.0757454,,0.1410256
0.0765512,0.4593088,0.1410256
0.0773570,0.4676700,0.1410256
0.0781628,0.4682274,0.1410256
0.0789686,0.4615385,0.1410256
0.0797744,0.4615385,0.1410256
0.0805802,0.4687848,0.1410256
0.0813860,0.4693423,0.1410256
0.0821918,0.4760312,0.1410256
0.0829976,0.4760312,0.1410256
0.0838034,0.4760312,0.1410256
0.0846092,0.4760312,0.1410256
0.0854150,0.4760312,0.1410256
0.0862208,0.4760312,0.1410256
0.0870266,0.4760312,0.1410256
0.0878324,0.4760312,0.1410256
0.0886382,0.4760312,0.1410256
0.0894440,0.4760312,0.1410256
0.0902498,0.4843924,0.1410256
0.0910556,0.4921962,0.1410256
0.0918614,0.4921962,0.1410256
0.0926672,0.4921962,0.1410256
0.0934730,0.4921962,0.1410256
0.0942788,0.4921962,0.1376812
0.0950846,0.4921962,0.1343367
0.0958904,0.4927536,0.1270903
0.0966962,0.4921962,0.1270903
0.0975020,0.4921962,0.1270903
0.0983078,0.4921962,0.1270903
0.0991136,0.4921962,0.1270903
0.0999194,0.4927536,0.1270903
0.1007252,0.4921962,0.1270903
0.1015310,0.4921962,0.1270903
0.1023368,0.4921962,0.1270903
0.1031426,0.4921962,0.1270903
0.1039484,0.4921962,0.1270903
0.1047542,0.4994426,0.1270903
0.1055600,0.5011148,0.1270903
0.1063658,0.5011148,0.1270903
0.1071716,0.5094760,0.1270903
0.1079774,0.5094760,0.1270903
0.1087832,0.5094760,0.1270903
0.1095890,0.5094760,0.1270903
0.1103948,0.5094760,0.1270903
0.1112006,0.5094760,0.1270903
0.1120064,0.5094760,0.1270903
0.1128122,0.5183946,0.1270903
0.1136180,0.5189521,0.1270903
0.1144239,0.5178372,0.1248606
0.1152297,0.5178372,0.1187291
0.1160355,0.5250836,0.1109253
0.1168413,0.5323300,0.1109253
0.1176471,0.5312152,0.1109253
0.1184529,0.5228540,0.1187291
0.1192587,0.5390190,0.1192865
0.1200645,0.5395764,0.1321070
0.1208703,0.5317726,0.1421405
0.1216761,0.5306577,0.1360089
0.1224819,0.5451505,0.1137124
0.1232877,0.5445931,0.1137124
0.1240935,0.5445931,0.1137124
0.1248993,0.5512821,0.1137124
0.1257051,0.5518395,0.1137124
0.1265109,0.5429208,0.1287625
0.1273167,0.5423634,0.1287625
0.1281225,0.5490524,0.1293200
0.1289283,0.5557414,0.1220736
0.1297341,0.5629877,0.1220736
0.1305399,0.5629877,0.1148272
0.1313457,0.5685619,0.1148272
0.1321515,0.5618729,0.1148272
0.1329573,0.5674470,0.1148272
0.1337631,0.5657748,0.1226310
0.1345689,0.5646600,0.1226310
0.1353747,0.5719064,0.1304348
0.1361805,0.5780379,0.1371237
0.1369863,0.5763657,0.1382386
0.1377921,0.5774805,0.1382386
0.1385979,0.5914158,0.1527313
0.1394037,0.6053512,0.1610925
0.1402095,0.5981048,0.1688963
0.1410153,0.5964326,0.1577480
0.1418211,0.5950390,0.1527313
0.1426269,0.5936455,0.1454849
0.1434327,0.5969900,0.1454849
0.1442385,0.6031215,0.1527313
0.1450443,0.6047938,0.1527313
0.1458501,0.6020067,0.1527313
0.1466559,0.6025641,0.1527313
0.1474617,0.6036789,0.1605351
0.1482675,0.6064660,0.1609067
0.1490733,0.6042363,0.1612783
0.1498791,0.6120401,0.1616499
0.1506849,0.6131550,0.1694537
0.1514907,0.6187291,0.1767001
0.1522965,0.6259755,0.1767001
0.1531023,0.6270903,0.1845039
0.1539081,0.6282051,0.1917503
0.1547139,0.6365663,0.1917503
0.1555197,0.6376812,0.1917503
0.1563255,0.6376812,0.2084727
0.1571313,0.6337793,0.2107023
0.1579371,0.6348941,0.2246377
0.1587429,0.6348941,0.2246377
0.1595488,0.6309922,0.2246377
0.1603546,0.6376812,0.2313266
0.1611604,0.6465998,0.2324415
0.1619662,0.6477146,0.2391304
0.1627720,0.6532887,0.2324415
0.1635778,0.6443701,0.2313266
0.1643836,0.6499443,0.2318841
0.1651894,0.6644370,0.2385730
0.1659952,0.6677815,0.2480491
0.1668010,0.6633222,0.2486065
0.1676068,0.6638796,0.2480491
0.1684126,0.6583055,0.2474916
0.1692184,0.6610925,0.2564103
0.1700242,0.6622074,0.2642140
0.1708300,0.6755853,0.2865106
0.1716358,0.6727982,0.2853958
0.1724416,0.6727982,0.2915273
0.1732474,0.6806020,0.3010033
0.1740532,0.6727982,0.3160535
0.1748590,0.6722408,0.3143813
0.1756648,0.6872910,0.2971014
0.1764706,0.7040134,0.2898551
0.1772764,0.7051282,0.2915273
0.1780822,0.7045708,0.2920847
0.1788880,0.7084727,0.3037904
0.1796938,0.7084727,0.3088071
0.1804996,0.7235229,0.3082497
0.1813054,0.7307692,0.3015608
0.1821112,0.7541806,0.3082497
0.1829170,0.7380156,0.3093645
0.1837228,0.7469342,0.3160535
0.1845286,0.7781494,0.3104794
0.1853344,0.7842809,0.3132664
0.1861402,0.7681159,0.3422520
0.1869460,0.7770346,0.3500557
0.1877518,0.7971014,0.3762542
0.1885576,0.8015608,0.3835006
0.1893634,0.7998885,0.3985507
0.1901692,0.7998885,0.3963211
0.1909750,0.8115942,0.3885173
0.1917808,0.8132664,0.3879599
0.1925866,0.8149387,0.3729097
0.1933924,0.8238573,0.3712375
0.1941982,0.8394649,0.3651059
0.1950040,0.8232999,0.3801561
0.1958098,0.8372352,0.3896321
0.1966156,0.8578595,0.3885173
0.1974214,0.8561873,0.3890747
0.1982272,0.8561873,0.3968785
0.1990330,0.8729097,0.3968785
0.1998388,0.8762542,0.3968785
0.2006446,0.8762542,0.4035674
0.2014504,0.8673356,0.4113712
0.2022562,0.8600892,0.4186176
0.2030620,0.8684504,0.4258640
0.2038678,0.8690078,0.4420290
0.2046737,0.8745819,0.4425864
0.2054795,0.8823857,0.4509476
0.2062853,0.8812709,0.4437012
0.2070911,0.8773690,0.4353400
0.2078969,0.8779264,0.4364548
0.2087027,0.8874025,0.4370123
0.2095085,0.8862876,0.4509476
0.2103143,0.8890747,0.4526198
0.2111201,0.8974359,0.4665552
0.2119259,0.9046823,0.4743590
0.2127317,0.9013378,0.4910814
0.2135375,0.8890747,0.4914994
0.2143433,0.9013378,0.4919175
0.2151491,0.9013378,0.4923356
0.2159549,0.9102564,0.4927536
0.2167607,0.9214047,0.4921962
0.2175665,0.9152731,0.4849498
0.2183723,0.9169454,0.4988852
0.2191781,0.9219621,0.5000000
0.2199839,0.9119287,0.5066890
0.2207897,0.9041249,0.5066890
0.2215955,0.9063545,0.5066890
0.2224013,0.9152731,0.5005574
0.2232071,0.9152731,0.5005574
0.2240129,0.9175028,0.5078038
0.2248187,0.9163880,0.5150502
0.2256245,0.9147157,0.5156076
0.2264303,0.8979933,0.5306577
0.2272361,0.8991081,0.5306577
0.2280419,0.9069119,0.5239688
0.2288477,0.9175028,0.5239688
0.2296535,0.9052397,0.5306577
0.2304593,0.9007804,0.5312152
0.2312651,0.9169454,0.5479376
0.2320709,0.8946488,0.5613155
0.2328767,0.8874025,0.5758082
0.2336825,0.9041249,0.5746934
0.2344883,0.9147157,0.5523969
0.2352941,0.9102564,0.5445931
0.2360999,0.9041249,0.5451505
0.2369057,0.9063545,0.5562988
0.2377115,0.9074693,0.5602007
0.2385173,0.9080268,0.5674470
0.2393231,0.9130435,0.5674470
0.2401289,0.9002230,0.5674470
0.2409347,0.9002230,0.5746934
0.2417405,0.8907469,0.5752508
0.2425463,0.8862876,0.5819398
0.2433521,0.8795987,0.5819398
0.2441579,0.8812709,0.5819398
0.2449637,0.8840580,0.5891862
0.2457695,0.8812709,0.5903010
0.2465753,0.8929766,0.5969900
0.2473811,0.8924192,0.5969900
0.2481869,0.8979933,0.5969900
0.2489927,0.8963211,0.6042363
0.2497985,0.8929766,0.6059086
0.2506044,0.8874025,0.6064660
0.2514102,0.8913043,0.6070234
0.2522160,0.8957637,0.6137124
0.2530218,0.8885173,0.6137124
0.2538276,0.8946488,0.6137124
0.2546334,0.8751394,0.6137124
0.2554392,0.8907469,0.6215162
0.2562450,0.9057971,0.6220736
0.2570508,0.9041249,0.6159420
0.2578566,0.8829431,0.6153846
0.2586624,0.8968785,0.6153846
0.2594682,0.8907469,0.6298774
0.2602740,0.8768116,0.6371237
0.2610798,0.8751394,0.6371237
0.2618856,0.8879599,0.6298774
0.2626914,0.8935340,0.6298774
0.2634972,0.8756968,0.6298774
0.2643030,0.8740245,0.6298774
0.2651088,0.8623188,0.6298774
0.2659146,0.8812709,0.6371237
0.2667204,0.8874025,0.6371237
0.2675262,0.8779264,0.6516165
0.2683320,0.8946488,0.6516165
0.2691378,0.8957637,0.6516165
0.2699436,0.8734671,0.6443701
0.2707494,0.8712375,0.6371237
0.2715552,0.8667781,0.6371237
0.2723610,0.8628763,0.6516165
0.2731668,0.8573021,0.6426979
0.2739726,0.8617614,0.6421405
0.2747784,0.8673356,0.6326644
0.2755842,0.8662207,0.6365663
0.2763900,0.8556299,0.6482720
0.2771958,0.8584169,0.6488294
0.2780016,0.8662207,0.6560758
0.2788074,0.8489409,0.6560758
0.2796132,0.8522854,0.6560758
0.2804190,0.8634337,0.6560758
0.2812248,0.8517280,0.6644370
0.2820306,0.8494983,0.6649944
0.2828364,0.8556299,0.6733556
0.2836422,0.8483835,0.6739130
0.2844480,0.8539576,0.6733556
0.2852538,0.8595318,0.6906355
0.2860596,0.8645485,0.6950948
0.2868654,0.8539576,0.7101449
0.2876712,0.8511706,0.7263099
0.2884770,0.8795987,0.7263099
0.2892828,0.8623188,0.7201784
0.2900886,0.8522854,0.7185061
0.2908944,0.8589744,0.7040134
0.2917002,0.8450390,0.7034560
0.2925060,0.8394649,0.6956522
0.2933118,0.8444816,0.7028986
0.2941176,0.8528428,0.7034560
0.2949234,0.8578595,
0.2957293,0.8612040,
0.2965351,0.8684504,
0.2973409,0.8673356,
0.2981467,0.8561873,
0.2989525,0.8489409,
0.2997583,0.8561873,
0.3005641,0.8528428,
0.3013699,0.8584169,
0.3021757,0.8578595,0.7179487
0.3029815,0.8617614,0.7185061
0.3037873,0.8690078,0.7329989
0.3045931,0.8751394,0.7335563
0.3053989,0.8673356,0.7341137
0.3062047,0.8578595,0.7329989
0.3070105,0.8734671,0.7257525
0.3078163,0.8818283,0.7257525
0.3086221,0.8701226,0.7263099
0.3094279,0.8717949,0.7263099
0.3102337,0.8729097,0.7263099
0.3110395,0.8678930,0.7263099
0.3118453,0.8678930,0.7263099
0.3126511,0.8628763,0.7263099
0.3134569,0.8701226,0.7263099
0.3142627,0.8706800,0.7263099
0.3150685,0.8628763,0.7263099
0.3158743,0.8634337,0.7257525
0.3166801,0.8628763,0.7112598
0.3174859,0.8600892,0.7028986
0.3182917,0.8556299,0.6872910
0.3190975,0.8673356,0.6878484
0.3199033,0.8717949,0.6945373
0.3207091,0.8701226,0.6828317
0.3215149,0.8545151,0.6722408
0.3223207,0.8506132,0.6716834
0.3231265,0.8634337,0.6789298
0.3239323,0.8695652,0.6861761
0.3247381,0.8678930,0.6856187
0.3255439,0.8712375,0.6850613
0.3263497,0.8868450,0.7062430
0.3271555,0.8835006,0.7146042
0.3279613,0.8896321,0.7369008
0.3287671,0.8935340,0.7296544
0.3295729,0.8801561,0.7290970
0.3303787,0.8795987,0.7073579
0.3311845,0.8829431,0.6884058
0.3319903,0.8846154,0.6772575
0.3327961,0.8779264,0.6772575
0.3336019,0.8795987,0.6850613
0.3344077,0.8952062,0.7001115
0.3352135,0.8907469,0.7012263
0.3360193,0.8840580,0.7090301
0.3368251,0.8846154,0.7090301
0.3376309,0.9057971,0.7017837
0.3384367,0.8874025,0.6950948
0.3392425,0.8924192,0.6945373
0.3400483,0.8929766,0.6945373
0.3408541,0.8851728,0.6950948
0.3416600,0.8935340,0.6950948
0.3424658,0.8935340,0.6867336
0.3432716,0.8952062,0.6861761
0.3440774,0.9030100,0.6934225
0.3448832,0.9113712,0.6934225
0.3456890,0.8968785,0.6934225
0.3464948,0.8901895,0.6934225
0.3473006,0.9147157,0.6934225
0.3481064,0.9130435,0.6934225
0.3489122,0.9046823,0.6928651
0.3497180,0.9041249,0.6850613
0.3505238,0.9018952,0.6856187
0.3513296,0.9057971,0.6861761
0.3521354,0.9035674,0.6861761
0.3529412,0.9197324,0.6861761
0.3537470,0.9074693,0.6861761
0.3545528,0.9041249,0.6861761
0.3553586,0.9202899,0.6789298
0.3561644,0.9219621,0.6789298
0.3569702,0.9057971,0.6789298
0.3577760,0.9158305,0.6789298
0.3585818,0.9158305,0.6789298
0.3593876,0.9202899,0.6711260
0.3601934,0.9108138,0.6705686
0.3609992,0.9141583,0.6627648
0.3618050,0.9236343,0.6627648
0.3626108,0.9292085,0.6627648
0.3634166,0.9303233,0.6627648
0.3642224,0.9280936,0.6627648
0.3650282,0.9347826,0.6627648
0.3658340,0.9303233,0.6599777
0.3666398,0.9080268,0.6544036
0.3674456,0.8751394,0.6532887
0.3682514,0.8974359,0.6622074
0.3690572,0.9007804,0.6688963
0.3698630,0.9269788,0.6688963
0.3706688,0.9180602,0.6649944
0.3714746,0.9163880,0.6610925
0.3722804,0.9175028,0.6571906
0.3730862,0.9007804,0.6532887
0.3738920,0.9074693,0.6532887
0.3746978,0.9225195,0.6460424
0.3755036,0.9046823,0.6460424
0.3763094,0.9080268,0.6460424
0.3771152,0.9158305,0.6376812
0.3779210,0.9080268,0.6376812
0.3787268,0.8952062,0.6376812
0.3795326,0.9024526,0.6393534
0.3803384,0.8929766,0.6282051
0.3811442,0.8968785,0.6170569
0.3819500,0.9057971,0.6204013
0.3827558,0.8846154,0.6282051
0.3835616,0.8868450,0.6282051
0.3843674,0.8678930,0.6282051
0.3851732,0.8545151,0.6282051
0.3859790,0.8450390,0.6348941
0.3867849,0.8260870,0.6360089
0.3875907,0.8372352,0.6432553
0.3883965,0.8534002,0.6365663
0.3892023,0.8478261,0.6371237
0.3900081,0.8227425,0.6382386
0.3908139,0.8221851,0.6382386
0.3916197,0.8288740,0.6393534
0.3924255,0.8311037,0.6326644
0.3932313,0.8154961,0.6259755
0.3940371,0.8060201,0.6248606
0.3948429,0.7959866,0.6181717
0.3956487,0.7898551,0.6181717
0.3964545,0.7954292,0.6014493
0.3972603,0.8160535,0.6003344
0.3980661,0.8071349,0.5903010
0.3988719,0.7976589,0.5914158
0.3996777,0.7998885,0.6098105
0.4004835,0.7931996,0.6231884
0.4012893,0.7742475,0.6360089
0.4020951,0.7742475,0.6226310
0.4029009,0.7736901,0.5897436
0.4037067,0.7859532,0.5713489
0.4045125,0.8010033,0.5719064
0.4053183,0.8010033,0.5791527
0.4061241,0.7870680,0.5791527
0.4069299,0.7725753,0.5791527
0.4077357,0.7625418,0.5791527
0.4085415,0.7525084,0.5791527
0.4093473,0.7558528,0.5791527
0.4101531,0.7686734,0.5791527
0.4109589,0.7703456,0.5791527
0.4117647,0.7597547,0.5707915
0.4125705,0.7536232,0.5730212
0.4133763,0.7430323,0.5785953
0.4141821,0.7447046,0.5730212
0.4149879,0.7536232,0.5652174
0.4157937,0.7419175,0.5507246
0.4165995,0.7408027,0.5501672
0.4174053,0.7385730,0.5429208
0.4182111,0.7458194,0.5423634
0.4190169,0.7396878,0.5434783
0.4198227,0.7396878,0.5512821
0.4206285,0.7201784,0.5512821
0.4214343,0.7207358,0.5512821
0.4222401,0.7162765,0.5512821
0.4230459,0.6984392,0.5445931
0.4238517,0.6956522,0.5445931
0.4246575,0.7084727,0.5512821
0.4254633,0.6973244,0.5512821
0.4262691,0.6906355,0.5585284
0.4270749,0.6878484,0.5590858
0.4278807,0.6755853,0.5627090
0.4286865,0.6783724,0.5663322
0.4294923,0.6778149,0.5663322
0.4302981,0.6783724,0.5663322
0.4311039,0.6694537,0.5663322
0.4319098,0.6672241,0.5663322
0.4327156,0.6767001,0.5585284
0.4335214,0.6755853,0.5585284
0.4343272,0.6644370,0.5507246
0.4351330,0.6683389,0.5183946
0.4359388,0.6694537,0.5055741
0.4367446,0.6694537,0.4855072
0.4375504,0.6688963,0.4855072
0.4383562,0.6649944,0.4788183
0.4391620,0.6527313,0.4777035
0.4399678,0.6488294,0.4715719
0.4407736,0.6638796,0.4715719
0.4415794,0.6644370,0.4710145
0.4423852,0.6649944,0.4710145
0.4431910,0.6622074,0.4715719
0.4439968,0.6516165,0.4643255
0.4448026,0.6471572,0.4632107
0.4456084,0.6516165,0.4559643
0.4464142,0.6454849,0.4487179
0.4472200,0.6454849,0.4420290
0.4480258,0.6605351,0.4336678
0.4488316,0.6527313,0.4336678
0.4496374,0.6555184,0.4258640
0.4504432,0.6499443,0.4258640
0.4512490,0.6493868,0.4258640
0.4520548,0.6460424,0.4258640
0.4528606,0.6460424,0.4258640
0.4536664,0.6471572,0.4258640
0.4544722,0.6477146,0.4258640
0.4552780,0.6365663,0.4258640
0.4560838,0.6371237,0.4258640
0.4568896,0.6421405,0.4258640
0.4576954,0.6354515,0.4258640
0.4585012,0.6393534,0.4253066
0.4593070,0.6382386,0.4186176
0.4601128,0.6332219,0.4113712
0.4609186,0.6276477,0.4113712
0.4617244,0.6276477,0.4113712
0.4625302,0.6187291,0.4113712
0.4633360,0.6276477,0.4113712
0.4641418,0.6270903,0.4113712
0.4649476,0.6176143,0.4113712
0.4657534,0.6103679,0.4041249
0.4665592,0.6103679,0.3968785
0.4673650,0.6098105,0.3968785
0.4681708,0.6086957,0.4041249
0.4689766,0.6014493,0.4052397
0.4697824,0.6081382,0.4124861
0.4705882,0.5958751,0.4124861
0.4713940,0.6020067,0.4124861
0.4721998,0.6064660,0.4124861
0.4730056,0.6059086,0.4130435
0.4738114,0.6059086,0.4130435
0.4746172,0.6047938,0.4124861
0.4754230,0.5975474,0.4124861
0.4762288,0.5953177,0.4124861
0.4770346,0.5969900,0.4124861
0.4778405,0.5908584,0.4124861
0.4786463,0.5836120,0.4124861
0.4794521,0.5903010,0.4124861
0.4802579,0.5730212,0.4202899
0.4810637,0.5624303,0.4208473
0.4818695,0.5696767,0.4280936
0.4826753,0.5769231,0.4280936
0.4834811,0.5685619,0.4280936
0.4842869,0.5674470,0.4124861
0.4850927,0.5668896,0.4119287
0.4858985,0.5657748,0.3968785
0.4867043,0.5741360,0.3968785
0.4875101,0.5824972,0.3968785
0.4883159,0.5680045,0.3968785
0.4891217,0.5674470,0.3968785
0.4899275,0.5680045,0.3968785
0.4907333,0.5680045,0.3901895
0.4915391,0.5674470,0.3896321
0.4923449,0.5741360,0.3858696
0.4931507,0.5719064,0.3821070
0.4939565,0.5657748,0.3783445
0.4947623,0.5657748,0.3745819
0.4955681,0.5713489,0.3740245
0.4963739,0.5719064,0.3667781
0.4971797,0.5646600,0.3667781
0.4979855,0.5641026,0.3667781
0.4987913,0.5646600,0.3595318
0.4995971,0.5646600,0.3584169
0.5004029,0.5641026,0.3517280
0.5012087,0.5652174,0.3511706
0.5020145,0.5652174,0.3511706
0.5028203,0.5585284,0.3511706
0.5036261,0.5585284,0.3517280
0.5044319,0.5585284,0.3433668
0.5052377,0.5585284,0.3433668
0.5060435,0.5585284,0.3361204
0.5068493,0.5585284,0.3361204
0.5076551,0.5512821,0.3294314
0.5084609,0.5512821,0.3283166
0.5092667,0.5440357,0.3210702
0.5100725,0.5440357,0.3210702
0.5108783,0.5440357,0.3210702
0.5116841,0.5440357,0.3210702
0.5124899,0.5512821,0.3210702
0.5132957,0.5579710,0.3210702
0.5141015,0.5512821,0.3143813
0.5149073,0.5512821,0.3149387
0.5157131,0.5501672,0.3160535
0.5165189,0.5457079,0.3149387
0.5173247,0.5423634,0.3082497
0.5181305,0.5501672,0.3160535
0.5189363,0.5574136,0.3160535
0.5197421,0.5535117,0.3082497
0.5205479,0.5496098,0.3082497
0.5213537,0.5490524,0.3082497
0.5221595,0.5423634,0.3082497
0.5229654,0.5423634,0.3154961
0.5237712,0.5423634,0.3199554
0.5245770,0.5418060,0.3188406
0.5253828,0.5423634,0.3177258
0.5261886,0.5423634,0.3160535
0.5269944,0.5423634,0.3093645
0.5278002,0.5418060,0.3015608
0.5286060,0.5423634,0.3010033
0.5294118,0.5423634,0.3082497
0.5302176,0.5423634,0.3082497
0.5310234,0.5423634,0.3082497
0.5318292,0.5423634,0.3082497
0.5326350,0.5418060,0.3082497
0.5334408,0.5423634,0.3082497
0.5342466,0.5423634,0.3015608
0.5350524,0.5423634,0.3004459
0.5358582,0.5423634,0.2931996
0.5366640,0.5418060,0.2931996
0.5374698,0.5423634,0.2865106
0.5382756,0.5423634,0.2859532
0.5390814,0.5418060,0.2787068
0.5398872,0.5418060,0.2787068
0.5406930,0.5423634,0.2709030
0.5414988,0.5423634,0.2630992
0.5423046,0.5423634,0.2630992
0.5431104,0.5418060,0.2630992
0.5439162,0.5423634,0.2552954
0.5447220,0.5351171,0.2541806
0.5455278,0.5345596,0.2469342
0.5463336,0.5278707,0.2469342
0.5471394,0.5278707,0.2469342
0.5479452,0.5278707,0.2469342
0.5487510,0.5278707,0.2469342
0.5495568,0.5278707,0.2474916
0.5503626,0.5278707,0.2474916
0.5511684,0.5278707,0.2472129
0.5519742,0.5278707,0.2469342
0.5527800,0.5278707,0.2469342
0.5535858,0.5278707,0.2474916
0.5543916,0.5278707,0.2474916
0.5551974,0.5278707,0.2469342
0.5560032,0.5278707,0.2463768
0.5568090,0.5278707,0.2469342
0.5576148,0.5278707,0.2474916
0.5584206,0.5278707,0.2474916
0.5592264,0.5278707,0.2474916
0.5600322,0.5278707,0.2469342
0.5608380,0.5278707,0.2469342
0.5616438,0.5278707,0.2471200
0.5624496,0.5200669,0.2473058
0.5632554,0.5195095,0.2474916
0.5640612,0.5117057,0.2469342
0.5648670,0.5117057,0.2474916
0.5656728,0.5117057,0.2474916
0.5664786,0.5117057,0.2474916
0.5672844,0.5117057,0.2474916
0.5680902,0.5117057,0.2469342
0.5688961,0.5117057,0.2474916
0.5697019,0.5117057,0.2473058
0.5705077,0.5117057,0.2471200
0.5713135,0.5117057,0.2469342
0.5721193,0.5117057,0.2469342
0.5729251,0.5117057,0.2474916
0.5737309,0.5117057,0.2469342
0.5745367,0.5117057,0.2463768
0.5753425,0.5117057,0.2469342
0.5761483,0.5117057,0.2469342
0.5769541,0.5117057,0.2471200
0.5777599,0.5117057,0.2473058
0.5785657,0.5117057,0.2474916
0.5793715,0.5117057,0.2469342
0.5801773,0.5117057,0.2474916
0.5809831,0.5117057,0.2463768
0.5817889,0.5117057,0.2391304
0.5825947,0.5117057,0.2324415
0.5834005,0.5117057,0.2324415
0.5842063,0.5117057,0.2324415
0.5850121,0.5117057,0.2324415
0.5858179,0.5117057,0.2324415
0.5866237,0.5117057,0.2324415
0.5874295,0.5117057,0.2324415
0.5882353,0.5117057,0.2324415
0.5890411,0.5117057,0.2324415
0.5898469,0.5117057,0.2324415
0.5906527,0.5117057,0.2324415
0.5914585,0.5117057,0.2324415
0.5922643,0.5117057,0.2324415
0.5930701,0.5117057,0.2324415
0.5938759,0.5117057,0.2324415
0.5946817,0.5117057,0.2324415
0.5954875,0.5044593,0.2324415
0.5962933,0.4972129,0.2324415
0.5970991,0.4972129,0.2263099
0.5979049,0.4972129,0.2251951
0.5987107,0.4972129,0.2179487
0.5995165,0.4972129,0.2179487
0.6003223,0.4972129,0.2179487
0.6011281,0.4972129,0.2179487
0.6019339,0.4894091,0.2101449
0.6027397,0.4894091,0.2095875
0.6035455,0.4816054,0.2023411
0.6043513,0.4816054,0.2023411
0.6051571,0.4816054,0.2023411
0.6059629,0.4816054,0.2023411
0.6067687,0.4816054,0.2023411
0.6075745,0.4816054,0.2023411
0.6083803,0.4894091,0.2101449
0.6091861,0.4972129,0.2107023
0.6099919,0.4972129,0.2179487
0.6107977,0.4972129,0.2179487
0.6116035,0.4972129,0.2107023
0.6124093,0.4972129,0.2112598
0.6132151,0.4972129,0.2034560
0.6140210,0.4972129,0.2034560
0.6148268,0.4972129,0.2040134
0.6156326,0.4972129,0.2040134
0.6164384,0.4972129,0.2034560
0.6172442,0.4972129,0.2034560
0.6180500,0.4972129,0.2034560
0.6188558,0.4972129,0.2034560
0.6196616,0.4894091,0.1950948
0.6204674,0.4816054,0.1945373
0.6212732,0.4816054,0.1861761
0.6220790,0.4816054,0.1861761
0.6228848,0.4816054,0.1861761
0.6236906,0.4816054,0.1861761
0.6244964,0.4816054,0.1861761
0.6253022,0.4816054,0.1861761
0.6261080,0.4816054,0.1861761
0.6269138,0.4816054,0.1861761
0.6277196,0.4816054,0.1861761
0.6285254,0.4816054,0.1934225
0.6293312,0.4816054,0.2012263
0.6301370,0.4816054,0.2010405
0.6309428,0.4816054,0.2008547
0.6317486,0.4816054,0.2006689
0.6325544,0.4816054,0.2012263
0.6333602,0.4816054,0.2006689
0.6341660,0.4816054,0.2006689
0.6349718,0.4816054,0.2006689
0.6357776,0.4816054,0.2006689
0.6365834,0.4816054,0.2006689
0.6373892,0.4816054,0.2012263
0.6381950,0.4816054,0.2010405
0.6390008,0.4816054,0.2008547
0.6398066,0.4816054,0.2006689
0.6406124,0.4816054,0.2012263
0.6414182,0.4816054,0.1928651
0.6422240,0.4816054,0.1928651
0.6430298,0.4743590,0.1778149
0.6438356,0.4738016,0.1778149
0.6446414,0.4671126,0.1705686
0.6454472,0.4671126,0.1705686
0.6462530,0.4671126,0.1705686
0.6470588,0.4671126,0.1744705
0.6478646,0.4749164,0.1783724
0.6486704,0.4760312,0.1794872
0.6494762,0.4827202,0.1861761
0.6502820,0.4760312,0.1861761
0.6510878,0.4754738,0.1861761
0.6518936,0.4682274,0.1861761
0.6526994,0.4682274,0.1861761
0.6535052,0.4682274,0.1861761
0.6543110,0.4682274,0.1861761
0.6551168,0.4682274,0.1861761
0.6559226,0.4682274,0.1861761
0.6567284,0.4682274,0.1861761
0.6575342,0.4682274,0.1861761
0.6583400,0.4682274,0.1789298
0.6591459,0.4682274,0.1783724
0.6599517,0.4682274,0.1716834
0.6607575,0.4682274,0.1716834
0.6615633,0.4682274,0.1716834
0.6623691,0.4682274,0.1716834
0.6631749,0.4682274,0.1716834
0.6639807,0.4682274,0.1716834
0.6647865,0.4760312,0.1716834
0.6655923,0.4771460,0.1794872
0.6663981,0.4855072,0.1878484
0.6672039,0.4855072,0.1878484
0.6680097,0.4855072,0.1878484
0.6688155,0.4855072,0.1878484
0.6696213,0.4855072,0.1878484
0.6704271,0.4855072,0.1800446
0.6712329,0.4855072,0.1794872
0.6720387,0.4855072,0.1716834
0.6728445,0.4849498,0.1716834
0.6736503,0.4788183,0.1716834
0.6744561,0.4715719,0.1716834
0.6752619,0.4715719,0.1716834
0.6760677,0.4715719,0.1716834
0.6768735,0.4715719,0.1716834
0.6776793,0.4715719,0.1716834
0.6784851,0.4715719,0.1716834
0.6792909,0.4715719,0.1716834
0.6800967,0.4715719,0.1716834
0.6809025,0.4715719,0.1716834
0.6817083,0.4715719,0.1716834
0.6825141,0.4715719,0.1716834
0.6833199,0.4715719,0.1716834
0.6841257,0.4715719,0.1716834
0.6849315,0.4715719,0.1716834
0.6857373,0.4715719,0.1716834
0.6865431,0.4715719,0.1716834
0.6873489,0.4715719,0.1716834
0.6881547,0.4715719,0.1716834
0.6889605,0.4715719,0.1716834
0.6897663,0.4715719,0.1716834
0.6905721,0.4715719,0.1716834
0.6913779,0.4715719,0.1716834
0.6921837,0.4715719,0.1716834
0.6929895,0.4715719,0.1716834
0.6937953,0.4715719,0.1716834
0.6946011,0.4715719,0.1716834
0.6954069,0.4715719,0.1716834
0.6962127,0.4715719,0.1716834
0.6970185,0.4715719,0.1716834
0.6978243,0.4715719,0.1716834
0.6986301,0.4715719,0.1716834
0.6994359,0.4715719,0.1716834
0.7002417,0.4715719,0.1716834
0.7010475,0.4715719,0.1716834
0.7018533,0.4715719,0.1716834
0.7026591,0.4715719,0.1716834
0.7034649,0.4715719,0.1716834
0.7042707,0.4715719,0.1716834
0.7050766,0.4715719,0.1716834
0.7058824,0.4715719,0.1716834
0.7066882,0.4715719,0.1716834
0.7074940,0.4715719,0.1716834
0.7082998,0.4715719,0.1716834
0.7091056,0.4715719,0.1644370
0.7099114,0.4715719,0.1627648
0.7107172,0.4715719,0.1571906
0.7115230,0.4715719,0.1571906
0.7123288,0.4715719,0.1571906
0.7131346,0.4715719,0.1571906
0.7139404,0.4715719,0.1571906
0.7147462,0.4715719,0.1571906
0.7155520,0.4715719,0.1571906
0.7163578,0.4715719,0.1571906
0.7171636,0.4715719,0.1571906
0.7179694,0.4715719,0.1571906
0.7187752,0.4715719,0.1571906
0.7195810,0.4715719,0.1571906
0.7203868,0.4715719,0.1571906
0.7211926,0.4715719,0.1571906
0.7219984,0.4715719,0.1571906
0.7228042,0.4715719,0.1571906
0.7236100,0.4715719,0.1571906
0.7244158,0.4715719,0.1571906
0.7252216,0.4715719,0.1571906
0.7260274,0.4715719,0.1571906
0.7268332,0.4715719,0.1571906
0.7276390,0.4715719,0.1571906
0.7284448,0.4715719,0.1571906
0.7292506,0.4715719,0.1571906
0.7300564,0.4715719,0.1571906
0.7308622,0.4715719,0.1571906
0.7316680,0.4715719,0.1571906
0.7324738,0.4715719,0.1571906
0.7332796,0.4715719,0.1571906
0.7340854,0.4715719,0.1571906
0.7348912,0.4715719,0.1571906
0.7356970,0.4715719,0.1571906
0.7365028,0.4715719,0.1571906
0.7373086,0.4715719,0.1571906
0.7381144,0.4715719,0.1571906
0.7389202,0.4715719,0.1571906
0.7397260,0.4715719,0.1571906
0.7405318,0.4715719,0.1571906
0.7413376,0.4715719,0.1571906
0.7421434,0.4715719,0.1571906
0.7429492,0.4715719,0.1571906
0.7437550,0.4715719,0.1571906
0.7445608,0.4715719,0.1571906
0.7453666,0.4715719,0.1571906
0.7461724,0.4715719,0.1571906
0.7469782,0.4715719,0.1571906
0.7477840,0.4715719,0.1571906
0.7485898,0.4715719,0.1571906
0.7493956,0.4715719,0.1571906
0.7502015,0.4715719,0.1571906
0.7510073,0.4715719,0.1571906
0.7518131,0.4715719,0.1571906
0.7526189,0.4715719,0.1571906
0.7534247,0.4715719,0.1571906
0.7542305,0.4715719,0.1571906
0.7550363,0.4715719,0.1571906
0.7558421,0.4715719,0.1571906
0.7566479,0.4715719,0.1571906
0.7574537,0.4715719,0.1571906
0.7582595,0.4715719,0.1571906
0.7590653,0.4715719,0.1571906
0.7598711,0.4715719,0.1571906
0.7606769,0.4715719,0.1571906
0.7614827,0.4715719,0.1571906
0.7622885,0.4715719,0.1571906
0.7630943,0.4715719,0.1571906
0.7639001,0.4715719,0.1571906
0.7647059,0.4715719,0.1571906
0.7655117,0.4715719,0.1571906
0.7663175,0.4715719,0.1571906
0.7671233,0.4715719,0.1571906
0.7679291,0.4715719,0.1571906
0.7687349,0.4715719,0.1571906
0.7695407,0.4715719,0.1571906
0.7703465,0.4715719,0.1571906
0.7711523,0.4715719,0.1499443
0.7719581,0.4715719,0.1426979
0.7727639,0.4715719,0.1426979
0.7735697,0.4715719,0.1426979
0.7743755,0.4715719,0.1426979
0.7751813,0.4715719,0.1426979
0.7759871,0.4715719,0.1426979
0.7767929,0.4715719,0.1426979
0.7775987,0.4715719,0.1426979
0.7784045,0.4715719,0.1426979
0.7792103,0.4715719,0.1426979
0.7800161,0.4715719,0.1426979
0.7808219,0.4715719,0.1426979
0.7816277,0.4715719,0.1426979
0.7824335,0.4715719,0.1426979
0.7832393,0.4715719,0.1426979
0.7840451,0.4715719,0.1426979
0.7848509,0.4715719,0.1426979
0.7856567,0.4715719,0.1426979
0.7864625,0.4715719,0.1426979
0.7872683,0.4715719,0.1426979
0.7880741,0.4715719,0.1426979
0.7888799,0.4715719,0.1426979
0.7896857,0.4715719,0.1426979
0.7904915,0.4715719,0.1426979
0.7912973,0.4715719,0.1426979
0.7921031,0.4715719,0.1426979
0.7929089,0.4715719,0.1426979
0.7937147,0.4715719,0.1426979
0.7945205,0.4715719,0.1426979
0.7953263,0.4788183,0.1426979
0.7961322,0.4855072,0.1426979
0.7969380,0.4855072,0.1426979
0.7977438,0.4855072,0.1426979
0.7985496,0.4855072,0.1426979
0.7993554,0.4855072,0.1426979
0.8001612,0.4855072,0.1426979
0.8009670,0.4855072,0.1426979
0.8017728,0.4855072,0.1426979
0.8025786,0.4855072,0.1426979
0.8033844,0.4855072,0.1426979
0.8041902,0.4855072,0.1426979
0.8049960,0.4855072,0.1426979
0.8058018,0.4855072,0.1426979
0.8066076,0.4855072,0.1426979
0.8074134,0.4855072,0.1426979
0.8082192,0.4855072,0.1426979
0.8090250,0.4855072,0.1426979
0.8098308,0.4855072,0.1426979
0.8106366,0.4855072,0.1426979
0.8114424,0.4855072,0.1426979
0.8122482,0.4855072,0.1426979
0.8130540,0.4855072,0.1426979
0.8138598,0.4855072,0.1426979
0.8146656,0.4855072,0.1426979
0.8154714,0.4855072,0.1426979
0.8162772,0.4855072,0.1426979
0.8170830,0.4855072,0.1426979
0.8178888,0.4855072,0.1426979
0.8186946,0.4855072,0.1426979
0.8195004,0.4855072,0.1426979
0.8203062,0.4855072,0.1426979
0.8211120,0.4855072,0.1426979
0.8219178,0.4855072,0.1426979
0.8227236,0.4855072,0.1426979
0.8235294,0.4855072,0.1426979
0.8243352,0.4855072,0.1426979
0.8251410,0.4855072,0.1426979
0.8259468,0.4855072,0.1426979
0.8267526,0.4855072,0.1426979
0.8275584,0.4855072,0.1426979
0.8283642,0.4855072,0.1426979
0.8291700,0.4855072,0.1426979
0.8299758,0.4855072,0.1426979
0.8307816,0.4855072,0.1426979
0.8315874,0.4855072,0.1426979
0.8323932,0.4855072,0.1426979
0.8331990,0.4855072,0.1426979
0.8340048,0.4855072,0.1426979
0.8348106,0.4855072,0.1426979
0.8356164,0.4855072,0.1426979
0.8364222,0.4855072,0.1426979
0.8372280,0.4855072,0.1426979
0.8380338,0.4855072,0.1426979
0.8388396,0.4855072,0.1426979
0.8396454,0.4855072,0.1426979
0.8404512,0.4855072,0.1426979
0.8412571,0.4855072,0.1426979
0.8420629,0.4855072,0.1426979
0.8428687,0.4855072,0.1426979
0.8436745,0.4855072,0.1426979
0.8444803,0.4855072,0.1426979
0.8452861,0.4855072,0.1426979
0.8460919,0.4855072,0.1426979
0.8468977,0.4855072,0.1426979
0.8477035,0.4855072,0.1426979
0.8485093,0.4855072,0.1426979
0.8493151,0.4855072,0.1426979
0.8501209,0.4855072,0.1426979
0.8509267,0.4855072,0.1426979
0.8517325,0.4855072,0.1426979
0.8525383,0.4855072,0.1426979
0.8533441,0.4855072,0.1426979
0.8541499,0.4855072,0.1426979
0.8549557,0.4855072,0.1426979
0.8557615,0.4855072,0.1426979
0.8565673,0.4855072,0.1426979
0.8573731,0.4855072,0.1426979
0.8581789,0.4855072,0.1426979
0.8589847,0.4855072,0.1426979
0.8597905,0.4855072,0.1426979
0.8605963,0.4855072,0.1426979
0.8614021,0.4855072,0.1426979
0.8622079,0.4855072,0.1426979
0.8630137,0.4855072,0.1426979
0.8638195,0.4855072,0.1426979
0.8646253,0.4855072,0.1426979
0.8654311,0.4855072,0.1426979
0.8662369,0.4855072,0.1426979
0.8670427,0.4855072,0.1426979
0.8678485,0.4933110,0.1426979
0.8686543,0.5011148,0.1426979
0.8694601,0.5016722,0.1426979
0.8702659,0.5016722,0.1426979
0.8710717,0.5016722,0.1426979
0.8718775,0.5016722,0.1426979
0.8726833,0.5016722,0.1426979
0.8734891,0.5016722,0.1426979
0.8742949,0.5016722,0.1426979
0.8751007,0.5089186,0.1505017
0.8759065,0.5094760,0.1505017
0.8767123,0.5058528,0.1583055
0.8775181,0.5022297,0.1505017
0.8783239,0.4933110,0.1471572
0.8791297,0.4860647,0.1426979
0.8799355,0.4860647,0.1426979
0.8807413,0.4866221,0.1426979
0.8815471,0.4860647,0.1426979
0.8823529,0.4877369,0.1426979
0.8831587,0.4944259,0.1426979
0.8839645,0.5016722,0.1426979
0.8847703,0.5016722,0.1426979
0.8855761,0.5016722,0.1426979
0.8863820,0.5016722,0.1426979
0.8871878,0.5016722,0.1426979
0.8879936,0.5016722,0.1426979
0.8887994,0.5016722,0.1426979
0.8896052,0.5016722,0.1426979
0.8904110,0.5016722,0.1426979
0.8912168,0.5016722,0.1426979
0.8920226,0.5016722,0.1426979
0.8928284,0.5016722,0.1426979
0.8936342,0.5016722,0.1426979
0.8944400,0.5016722,0.1426979
0.8952458,0.5016722,0.1426979
0.8960516,0.5016722,0.1426979
0.8968574,0.5016722,0.1426979
0.8976632,0.5016722,0.1426979
0.8984690,0.5016722,0.1426979
0.8992748,0.5016722,0.1426979
0.9000806,0.5016722,0.1426979
0.9008864,0.5016722,0.1426979
0.9016922,0.5016722,0.1426979
0.9024980,0.5016722,0.1426979
0.9033038,0.5016722,0.1426979
0.9041096,0.5016722,0.1426979
0.9049154,0.5016722,0.1426979
0.9057212,0.5016722,0.1426979
0.9065270,0.5016722,0.1426979
0.9073328,0.5016722,0.1426979
0.9081386,0.5016722,0.1426979
0.9089444,0.5016722,0.1426979
0.9097502,0.5016722,0.1426979
0.9105560,0.5016722,0.1426979
0.9113618,0.5016722,0.1426979
0.9121676,0.5016722,0.1426979
0.9129734,0.5016722,0.1426979
0.9137792,0.5016722,0.1426979
0.9145850,0.5016722,0.1426979
0.9153908,0.5016722,0.1426979
0.9161966,0.5016722,0.1426979
0.9170024,0.5016722,0.1426979
0.9178082,0.5016722,0.1426979
0.9186140,0.5016722,0.1426979
0.9194198,0.5016722,0.1426979
0.9202256,0.5016722,0.1426979
0.9210314,0.5016722,0.1426979
0.9218372,0.5016722,0.1426979
0.9226430,0.5016722,0.1426979
0.9234488,0.5016722,0.1426979
0.9242546,0.5016722,0.1426979
0.9250604,0.5016722,0.1426979
0.9258662,0.5016722,0.1426979
0.9266720,0.5016722,0.1426979
0.9274778,0.5016722,0.1426979
0.9282836,0.5016722,0.1426979
0.9290894,0.5016722,0.1426979
0.9298952,0.5016722,0.1426979
0.9307010,0.5016722,0.1426979
0.9315068,0.5016722,0.1426979
0.9323127,0.5016722,0.1426979
0.9331185,0.5016722,0.1426979
0.9339243,0.5016722,0.1426979
0.9347301,0.5016722,0.1426979
0.9355359,0.5016722,0.1426979
0.9363417,0.5016722,0.1426979
0.9371475,0.5016722,0.1426979
0.9379533,0.5016722,0.1426979
0.9387591,0.5016722,0.1426979
0.9395649,0.5016722,0.1426979
0.9403707,0.5016722,0.1426979
0.9411765,0.5016722,0.1426979
0.9419823,0.5016722,0.1426979
0.9427881,0.5016722,0.1426979
0.9435939,0.5016722,0.1426979
0.9443997,0.5016722,0.1426979
0.9452055,0.5016722,0.1426979
0.9460113,0.5016722,0.1426979
0.9468171,0.5016722,0.1426979
0.9476229,0.5016722,0.1426979
0.9484287,0.5083612,0.1426979
0.9492345,0.5089186,0.1426979
0.9500403,0.5161650,0.1426979
0.9508461,0.5161650,0.1426979
0.9516519,0.5161650,0.1426979
0.9524577,0.5161650,0.1426979
0.9532635,0.5161650,0.1426979
0.9540693,0.5161650,0.1426979
0.9548751,0.5161650,0.1426979
0.9556809,0.5161650,0.1426979
0.9564867,0.5161650,0.1426979
0.9572925,0.5161650,0.1426979
0.9580983,0.5161650,0.1426979
0.9589041,0.5161650,0.1426979
0.9597099,0.5161650,0.1426979
0.9605157,0.5161650,0.1426979
0.9613215,0.5161650,0.1426979
0.9621273,0.5161650,0.1426979
0.9629331,0.5161650,0.1426979
0.9637389,0.5161650,0.1426979
0.9645447,0.5161650,0.1426979
0.9653505,0.5161650,0.1426979
0.9661563,0.5161650,0.1426979
0.9669621,0.5161650,0.1426979
0.9677679,0.5161650,0.1426979
0.9685737,0.5161650,0.1426979
0.9693795,0.5161650,0.1426979
0.9701853,0.5161650,0.1426979
0.9709911,0.5161650,0.1426979
0.9717969,0.5161650,0.1426979
0.9726027,0.5161650,0.1426979
0.9734085,0.5161650,0.1426979
0.9742143,0.5161650,0.1426979
0.9750201,0.5161650,0.1426979
0.9758259,0.5161650,0.1426979
0.9766317,0.5161650,0.1426979
0.9774376,0.5161650,0.1426979
0.9782434,0.5161650,0.1426979
0.9790492,0.5161650,0.1426979
0.9798550,0.5161650,0.1426979
0.9806608,0.5161650,0.1426979
0.9814666,0.5161650,0.1426979
0.9822724,0.5161650,0.1426979
0.9830782,0.5161650,0.1426979
0.9838840,0.5161650,0.1426979
0.9846898,0.5161650,0.1426979
0.9854956,0.5161650,0.1426979
0.9863014,0.5161650,0.1426979
0.9871072,0.5161650,0.1426979
0.9879130,0.5161650,0.1426979
0.9887188,0.5161650,0.1426979
0.9895246,0.5161650,0.1426979
0.9903304,0.5161650,0.1426979
0.9911362,0.5161650,0.1426979
0.9919420,0.5161650,0.1426979
0.9927478,0.5161650,0.1426979
0.9935536,0.5161650,0.1426979
0.9943594,0.5161650,0.1426979
0.9951652,0.5161650,0.1426979
0.9959710,0.5161650,0.1426979
0.9967768,0.5161650,0.1426979
0.9975826,0.5161650,0.1426979
0.9983884,0.5161650,0.1426979
0.9991942,0.5161650,0.1426979
1.0000000,0.5161650,0.1426979
